"날짜","계정과목","내용","식당수입","식당지출","도시락수입","도시락지출","후원금수입","후원금지출","month","day","category"
2026-07-01,"무료급식","시군 보조금",NA,NA,36500000,NA,NA,NA,7,1,"주부식비"
2026-07-01,"무료급식","시군 보조금",77792000,NA,NA,NA,NA,NA,7,1,"주부식비"
2026-07-01,"부식비(보조금)","수박 5통",NA,"99000.0",NA,NA,NA,NA,7,1,"주부식비"
2026-07-01,"식사배달(배달보조)","다시마튀각, 유정란장조림, 컵라면",NA,NA,NA,444840,NA,NA,7,1,"주부식비"
2026-07-02,"부식비(보조금)","꽃나물, 사과식초,호박잎,양배추, 육수, 고구마줄기,우묵채,애호박,풋고추, 시금치",NA,"469400.0",NA,NA,NA,NA,7,2,"주부식비"
2026-07-02,"부식비(보조금)","청국장",NA,"230000.0",NA,NA,NA,NA,7,2,"주부식비"
2026-07-02,"식사배달(배달보조)","키위, 짜장소스, 황도통조림",NA,NA,NA,369120,NA,NA,7,2,"주부식비"
2026-07-02,"후원금","이경호",NA,NA,NA,NA,10000,NA,7,2,"기타"
2026-07-03,"후원금","신화건축사 이상민",NA,NA,NA,NA,1e+05,NA,7,3,"기타"
2026-07-04,"차량비(배달보조)","주유",NA,NA,NA,50000,NA,NA,7,4,"운영비"
2026-07-05,"후원금","계림동성당",NA,NA,NA,NA,142000,NA,7,5,"기타"
2026-07-06,"후원금","신영식",NA,NA,NA,NA,50000,NA,7,6,"기타"
2026-07-06,"후원금","백산유통",NA,NA,NA,NA,3e+05,NA,7,6,"기타"
2026-07-06,"식사배달(배달보조)","소고기죽, 단호박죽, 스낵컵라면",NA,NA,NA,478680,NA,NA,7,6,"주부식비"
2026-07-07,"부식비(보조금)","무,감자,단배추, 두부,당근,콩나물,애호박,숙주,미나리,미역줄기,얼음,생수,고구마줄기,대파,육수,시금치,양파",NA,"523400.0",NA,NA,NA,NA,7,7,"주부식비"
2026-07-09,"식사배달(배달보조)","꽁치통조림,황도통조림, 복숭아",NA,NA,NA,687240,NA,NA,7,9,"주부식비"
2026-07-09,"소모품비(법인)","가스점화기",NA,NA,NA,NA,NA,25500,7,9,"기타"
2026-07-10,"차량비(배달보조)","주유",NA,NA,NA,31000,NA,NA,7,10,"운영비"
2026-07-10,"후원금","TOP골프랜드",NA,NA,NA,NA,1e+05,NA,7,10,"기타"
2026-07-10,"후원금","권앤오 연합내과",NA,NA,NA,NA,150000,NA,7,10,"기타"
2026-07-10,"사회보험부담금(법인)","사회보험",NA,NA,NA,NA,NA,230880,7,10,"기타"
2026-07-11,"후원금","김승수",NA,NA,NA,NA,63000,NA,7,11,"기타"
2026-07-12,"후원금","계림동성당",NA,NA,NA,NA,77000,NA,7,12,"기타"
2026-07-13,"후원금","박명호",NA,NA,NA,NA,10000,NA,7,13,"기타"
2026-07-13,"부식비(보조금)","수박 5통",NA,"109000.0",NA,NA,NA,NA,7,13,"주부식비"
2026-07-13,"식사배달(배달보조)","돈갈비,돼지불고기",NA,NA,NA,611000,NA,NA,7,13,"주부식비"
2026-07-13,"부식비(보조금)","돈갈비, 소고기불고기, 돼지불고기",NA,"1839000.0",NA,NA,NA,NA,7,13,"주부식비"
2026-07-15,"부식비(보조금)","콩가루, 우묵채, 고사리, 고춧잎, 도라지, 비름, 호박잎, 깐녹두, 마늘, 대추, 육수",NA,"540400.0",NA,NA,NA,NA,7,15,"주부식비"
2026-07-15,"후원금","서보냇가",NA,NA,NA,NA,1e+05,NA,7,15,"기타"
2026-07-15,"후원금","상일금방",NA,NA,NA,NA,50000,NA,7,15,"기타"
2026-07-15,"후원금","영진한의원",NA,NA,NA,NA,1e+05,NA,7,15,"기타"
2026-07-15,"소모품비(법인)","정수기 수리비",NA,NA,NA,NA,NA,20000,7,15,"기타"
2026-07-15,"식사배달(배달보조)","감자라면",NA,NA,NA,144000,NA,NA,7,15,"주부식비"
2026-07-15,"부식비(보조금)","순대",NA,"300000.0",NA,NA,NA,NA,7,15,"주부식비"
2026-07-17,"소모품비(법인)","도마, 뒤집게",NA,NA,NA,NA,NA,284000,7,17,"기타"
2026-07-17,"차량비(배달보조)","주유",NA,NA,NA,50000,NA,NA,7,17,"운영비"
2026-07-19,"후원금","계림동성당",NA,NA,NA,NA,79000,NA,7,19,"기타"
2026-07-20,"후원금","여수승",NA,NA,NA,NA,30000,NA,7,20,"기타"
2026-07-20,"후원금","중앙양봉원",NA,NA,NA,NA,50000,NA,7,20,"기타"
2026-07-20,"후원금","신진가스",NA,NA,NA,NA,1e+05,NA,7,20,"기타"
2026-07-20,"후원금","황현영",NA,NA,NA,NA,20000,NA,7,20,"기타"
2026-07-20,"후원금","전정임",NA,NA,NA,NA,20000,NA,7,20,"기타"
2026-07-20,"후원금","삼표에너지",NA,NA,NA,NA,1e+06,NA,7,20,"기타"
2026-07-20,"공공요금(배달보조)","자동차 점검",NA,NA,NA,128000,NA,NA,7,20,"운영비"
2026-07-20,"식사배달(배달보조)","맛콩검은콩, 사발면",NA,NA,NA,247180,NA,NA,7,20,"주부식비"
2026-07-21,"후원금","진흥기계공업사",NA,NA,NA,NA,2e+05,NA,7,21,"기타"
2026-07-21,"부식비(보조금)","오리정육, 옥수수스프",NA,"254530.0",NA,NA,NA,NA,7,21,"주부식비"
2026-07-21,"부식비(보조금)","압맥, 목우촌, 꽃소금",NA,"435000.0",NA,NA,NA,NA,7,21,"주부식비"
2026-07-21,"식사배달(배달보조)","소고기미역국, 우엉조림, 목우촌, 삼계탕",NA,NA,NA,1297600,NA,NA,7,21,"주부식비"
2026-07-21,"식사배달(배달보조)","육개장",NA,NA,NA,179960,NA,NA,7,21,"주부식비"
2026-07-21,"공공요금(보조금)","전화요금",NA,"41840.0",NA,NA,NA,NA,7,21,"운영비"
2026-07-21,"부식비(보조금)","참기름, 들기름",NA,"135000.0",NA,NA,NA,NA,7,21,"주부식비"
2026-07-21,"식사배달(배달보조)","소시지, 초코칩, 계란과자, 키위",NA,NA,NA,352560,NA,NA,7,21,"주부식비"
2026-07-21,"공공요금(배달보조)","상하수도",NA,NA,NA,120990,NA,NA,7,21,"운영비"
2026-07-22,"식사배달(배달보조)","누룽지백숙, 녹두닭죽,전복내장죽",NA,NA,NA,531000,NA,NA,7,22,"주부식비"
2026-07-22,"부식비(보조금)","얼음, 두부, 무, 깨순, 콩나물, 시금치, 해초샐러드",NA,"269200.0",NA,NA,NA,NA,7,22,"주부식비"
2026-07-22,"소모품비(보조금)","물비누",NA,"19000.0",NA,NA,NA,NA,7,22,"운영비"
2026-07-22,"후원금","이홍규",NA,NA,NA,NA,1e+05,NA,7,22,"기타"
2026-07-23,"시설장비유지비(법인)","에어컨 설치에 필요한 재료들",NA,NA,NA,NA,NA,158950,7,23,"기타"
2026-07-24,"부식비(보조금)","청국장",NA,"230000.0",NA,NA,NA,NA,7,24,"주부식비"
2026-07-24,"부식비(보조금)","자판기커피",NA,"176000.0",NA,NA,NA,NA,7,24,"주부식비"
2026-07-24,"급료(법인)","임화순7월급료",NA,NA,NA,NA,NA,1435250,7,24,"기타"
2026-07-24,"급료(법인)","임화순7월급료",NA,NA,NA,NA,NA,50000,7,24,"기타"
2026-07-24,"급료(법인)","이남경7월급료",NA,NA,NA,NA,NA,873840,7,24,"기타"
2026-07-24,"차량비(배달보조)","주유",NA,NA,NA,40000,NA,NA,7,24,"운영비"
2026-07-24,"후원금","성종순",NA,NA,NA,NA,10000,NA,7,24,"기타"
2026-07-25,"후원금","정동희",NA,NA,NA,NA,50000,NA,7,25,"기타"
2026-07-26,"후원금","계림동성당",NA,NA,NA,NA,177000,NA,7,26,"기타"
2026-07-26,"식사배달(배달보조)","군밤, 요거트, 호박죽, 컵라면",NA,NA,NA,509880,NA,NA,7,26,"주부식비"
2026-07-27,"후원금","고광희",NA,NA,NA,NA,20000,NA,7,27,"기타"
2026-07-27,"후원금","박다정",NA,NA,NA,NA,10000,NA,7,27,"기타"
2026-07-27,"후원금","석한의원",NA,NA,NA,NA,50000,NA,7,27,"기타"
2026-07-27,"후원금","김도윤",NA,NA,NA,NA,10000,NA,7,27,"기타"
2026-07-27,"후원금","김익상",NA,NA,NA,NA,20000,NA,7,27,"기타"
2026-07-27,"후원금","김원길",NA,NA,NA,NA,20000,NA,7,27,"기타"
2026-07-27,"공공요금(보조금)","전기요금",NA,"591950.0",NA,NA,NA,NA,7,27,"운영비"
2026-07-28,"부식비(보조금)","야쿠르트",NA,"432000.0",NA,NA,NA,NA,7,28,"주부식비"
2026-07-28,"식사배달(배달보조)","야쿠르트",NA,NA,NA,432000,NA,NA,7,28,"주부식비"
2026-07-29,"부식비(보조금)","수박, 라면",NA,"556800.0",NA,NA,NA,NA,7,29,"주부식비"
2026-07-29,"부식비(보조금)","임연수 생선",NA,"198000.0",NA,NA,NA,NA,7,29,"주부식비"
2026-07-30,"부식비(보조금)","애호박, 댱근, 양파, 가지, 마늘쫑, 콩나물, 대파, 감자..",NA,"1048500.0",NA,NA,NA,NA,7,30,"주부식비"
2026-07-30,"주식비(보조금)","유월콩",NA,"36000.0",NA,NA,NA,NA,7,30,"주부식비"
2026-07-31,"연료비(배달보조)","가스.",NA,NA,NA,355000,NA,NA,7,31,"운영비"
2026-07-31,"연료비(보조금)","가스",NA,"142000.0",NA,NA,NA,NA,7,31,"운영비"
2026-07-31,"부식비(보조금)","수육",NA,"1310000.0",NA,NA,NA,NA,7,31,"주부식비"
2026-07-31,"차량비(배달보조)","주유",NA,NA,NA,40000,NA,NA,7,31,"운영비"
2026-08-02,"후원금","계림동성당",NA,NA,NA,NA,253000,NA,8,2,"기타"
2026-08-02,"후원금","이경호",NA,NA,NA,NA,10000,NA,8,2,"기타"
2026-08-03,"후원금","김로셀리나",NA,NA,NA,NA,20000,NA,8,3,"기타"
2026-08-05,"후원금","백산유통",NA,NA,NA,NA,3e+05,NA,8,5,"기타"
2026-08-05,"후원금","신영식",NA,NA,NA,NA,50000,NA,8,5,"기타"
2026-08-05,"소모품비(법인)","곰팡이청소",NA,NA,NA,NA,NA,6000,8,5,"기타"
2026-08-05,"시설장비유지비(법인)","가스설치비",NA,NA,NA,NA,NA,5e+05,8,5,"기타"
2026-08-05,"식사배달(배달보조)","크랩봉, 전복죽, 사발면, 돌자반, 복숭아",NA,NA,NA,654960,NA,NA,8,5,"주부식비"
2026-08-06,"차량비(배달보조)","주유",NA,NA,NA,30000,NA,NA,8,6,"운영비"
2026-08-06,"부식비(보조금)","생수, 대파, 양파, 아욱, 근대, 두부, 고구마줄기, 콩가루, 우묵채, 상추",NA,"447600.0",NA,NA,NA,NA,8,6,"주부식비"
2026-08-06,"식사배달(배달보조)","멸치",NA,NA,NA,185600,NA,NA,8,6,"주부식비"
2026-08-08,"차량비(배달보조)","주유",NA,NA,NA,40000,NA,NA,8,8,"운영비"
2026-08-09,"후원금","계림동성당",NA,NA,NA,NA,218000,NA,8,9,"기타"
2026-08-09,"후원금","김금자",NA,NA,NA,0,1e+05,NA,8,9,"기타"
2026-08-09,"식사배달(배달보조)","쿠키, 쌀과자, 연양갱, 후르츠칵테일, 군밤, 칵테일",NA,NA,NA,345520,NA,NA,8,9,"주부식비"
2026-08-09,"부식비(보조금)","커피",NA,"32900.0",NA,NA,NA,NA,8,9,"주부식비"
2026-08-09,"부식비(보조금)","아구탕",NA,"1800500.0",NA,NA,NA,NA,8,9,"주부식비"
2026-08-10,"식사배달(배달보조)","연양갱밤",NA,NA,NA,17700,NA,NA,8,10,"주부식비"
2026-08-10,"식사배달(배달보조)","참치죽",NA,NA,NA,128800,NA,NA,8,10,"주부식비"
2026-08-10,"후원금","TOP골프랜드",NA,NA,NA,NA,1e+05,NA,8,10,"기타"
2026-08-10,"후원금","권앤오연합내과",NA,NA,NA,NA,150000,NA,8,10,"기타"
2026-08-10,"시설장비유지비(법인)","수돗가시멘트공사비",NA,NA,NA,NA,NA,5e+05,8,10,"기타"
2026-08-10,"사회보험부담금(법인)","사회보험",NA,NA,NA,NA,NA,230880,8,10,"기타"
2026-08-11,"후원금","박명호",NA,NA,NA,NA,10000,NA,8,11,"기타"
2026-08-12,"부식비(보조금)","누룽지, 수박, 오렌지",NA,"834100.0",NA,NA,NA,NA,8,12,"주부식비"
2026-08-12,"부식비(보조금)","제리골드, 김스틱, 우유스틱",NA,NA,NA,145250,NA,NA,8,12,"주부식비"
2026-08-12,"소모품비(보조금)","비닐, 빗자루",NA,"30500.0",NA,NA,NA,NA,8,12,"운영비"
2026-08-13,"부식비(보조금)","감자, 고구마줄기, 두부, 흑타리, 숙주, 대파, 호박, 청호묵, 콩나물, 단배추, 오복채, 양파",NA,"576500.0",NA,NA,NA,NA,8,13,"주부식비"
2026-08-13,"식사배달(배달보조)","설렁탕, 버섯야채죽",NA,NA,NA,400200,NA,NA,8,13,"주부식비"
2026-08-14,"기타후생경비","임화순 여름휴가비",NA,NA,NA,NA,NA,2e+05,8,14,"기타"
2026-08-14,"기타후생경비","이남경 여름휴가비",NA,NA,NA,NA,NA,2e+05,8,14,"기타"
2026-08-14,"부식비(보조금)","장어",NA,"681500.0",NA,NA,NA,NA,8,14,"주부식비"
2026-08-14,"소모품비(보조금)","종이컵",NA,"22000.0",NA,NA,NA,NA,8,14,"운영비"
2026-08-14,"부식비(보조금)","레몬즙, 김치, 설탕, 참치액, 계란",NA,"469060.0",NA,NA,NA,NA,8,14,"주부식비"
2026-08-14,"식사배달(배달보조)","육개장, 콩자반, 소고기무국, 참치",NA,NA,NA,811540,NA,NA,8,14,"주부식비"
2026-08-14,"사무용품비(법인)","자석",NA,NA,NA,NA,NA,12000,8,14,"기타"
2026-08-14,"부식비(보조금)","칼치",NA,"345000.0",NA,NA,NA,NA,8,14,"주부식비"
2026-08-16,"후원금","계림동성당",NA,NA,NA,NA,84000,NA,8,16,"기타"
2026-08-17,"시설장비유지비(법인)","수돗가 시멘트 공사",NA,NA,NA,NA,NA,5e+05,8,17,"기타"
2026-08-17,"공공요금(배달보조)","상하수도",NA,NA,NA,189070,NA,NA,8,17,"운영비"
2026-08-18,"후원금","여수승",NA,NA,NA,NA,30000,NA,8,18,"기타"
2026-08-18,"후원금","서보냇가",NA,NA,NA,NA,1e+05,NA,8,18,"기타"
2026-08-18,"후원금","상일금방",NA,NA,NA,NA,50000,NA,8,18,"기타"
2026-08-18,"후원금","중앙양봉원",NA,NA,NA,NA,50000,NA,8,18,"기타"
2026-08-18,"후원금","영진한의원",NA,NA,NA,NA,1e+05,NA,8,18,"기타"
2026-08-18,"후원금","삼표에너지",NA,NA,NA,NA,1e+06,NA,8,18,"기타"
2026-08-20,"후원금","신진가스",NA,NA,NA,NA,1e+05,NA,8,20,"기타"
2026-08-20,"후원금","황현영",NA,NA,NA,NA,20000,NA,8,20,"기타"
2026-08-20,"후원금","진흥기계공업사",NA,NA,NA,NA,2e+05,NA,8,20,"기타"
2026-08-20,"후원금","전정임",NA,NA,NA,NA,20000,NA,8,20,"기타"
2026-08-21,"공공요금(보조금)","통신요금",NA,"40760.0",NA,NA,NA,NA,8,21,"운영비"
2026-08-22,"차량비(배달보조)","주유",NA,NA,NA,30000,NA,NA,8,22,"운영비"
2026-08-23,"식사배달(배달보조)","황도, 삼계죽",NA,NA,NA,256640,NA,NA,8,23,"주부식비"
2026-08-23,"식사배달(배달보조)","계란야채죽, 미역국, 배",NA,NA,NA,755980,NA,NA,8,23,"주부식비"
2026-08-23,"후원금","계림동성당",NA,NA,NA,NA,1e+05,NA,8,23,"기타"
2026-08-24,"후원금","이홍규",NA,NA,NA,NA,1e+05,NA,8,24,"기타"
2026-08-25,"후원금","김도윤",NA,NA,NA,NA,10000,NA,8,25,"기타"
2026-08-25,"후원금","박다정",NA,NA,NA,NA,10000,NA,8,25,"기타"
2026-08-25,"후원금","김익상",NA,NA,NA,NA,20000,NA,8,25,"기타"
2026-08-25,"후원금","석한의원",NA,NA,NA,NA,50000,NA,8,25,"기타"
2026-08-25,"후원금","정동희",NA,NA,NA,NA,50000,NA,8,25,"기타"
2026-08-25,"부식비(보조금)","요플레, 야쿠르트",NA,"408000.0",NA,NA,NA,NA,8,25,"주부식비"
2026-08-25,"식사배달(배달보조)","요플레, 야쿠르트",NA,NA,NA,206000,NA,NA,8,25,"주부식비"
2026-08-25,"급료(법인)","임화순 8월급료",NA,NA,NA,NA,NA,1435250,8,25,"기타"
2026-08-25,"급료(법인)","임화순 8월급료",NA,NA,NA,NA,NA,50000,8,25,"기타"
2026-08-25,"급료(법인)","이남경 8월급료",NA,NA,NA,NA,NA,873840,8,25,"기타"
2026-08-25,"공공요금(보조금)","전기요금",NA,"954190.0",NA,NA,NA,NA,8,25,"운영비"
2026-08-26,"부식비(보조금)","멜론, 캠벨",NA,"215800.0",NA,NA,NA,NA,8,26,"주부식비"
2026-08-26,"부식비(보조금)","느타리, 감자, 양파, 대파, 콩나물, 오이고추, 두부, 묵, 상추,",NA,"622000.0",NA,NA,NA,NA,8,26,"주부식비"
2026-08-26,"식사배달(배달보조)","추어탕,우엉조림,육개장,미역국,콩자반",NA,NA,NA,1119100,NA,NA,8,26,"주부식비"
2026-08-26,"부식비(보조금)","도가니,식용유,장조림,참치,삼계탕,계란",NA,"1774040.0",NA,NA,NA,NA,8,26,"주부식비"
2026-08-26,"식사배달(배달보조)","쿠키, 쌀과자, 연양갱,홍삼캔디, 핫바",NA,NA,NA,516930,NA,NA,8,26,"주부식비"
2026-08-26,"부식비(보조금)","수박",NA,"129000.0",NA,NA,NA,NA,8,26,"주부식비"
2026-08-26,"부식비(보조금)","감자라면",NA,"320000.0",NA,NA,NA,NA,8,26,"주부식비"
2026-08-26,"연료비(배달보조)","가스",NA,NA,NA,288000,NA,NA,8,26,"운영비"
2026-08-26,"후원금","삼백온실",NA,NA,NA,NA,1e+05,NA,8,26,"기타"
2026-08-26,"후원금","고광희",NA,NA,NA,NA,20000,NA,8,26,"기타"
2026-08-28,"부식비(보조금)","돼지불고기, 소고기",NA,"1155000.0",NA,NA,NA,NA,8,28,"주부식비"
2026-08-28,"부식비(보조금)","자판기커피",NA,"176000.0",NA,NA,NA,NA,8,28,"주부식비"
2026-08-28,"부식비(보조금)","참조기,해물모듬, 홍합,새우",NA,"729000.0",NA,NA,NA,NA,8,28,"주부식비"
2026-08-28,"후원금","선종회",NA,NA,NA,NA,90000,NA,8,28,"기타"
2026-08-29,"차량비(배달보조)","주유비",NA,NA,NA,40000,NA,NA,8,29,"운영비"
2026-08-30,"후원금","계림동성당",NA,NA,NA,NA,158000,NA,8,30,"기타"
2026-08-31,"후원금","강산한의원",NA,NA,NA,NA,1e+05,NA,8,31,"기타"
2026-08-31,"공공요금(보조금)","생산물배상책임보험",NA,"34100.0",NA,NA,NA,NA,8,31,"운영비"
2026-08-31,"공공요금(보조금)","화재보험",NA,"102800.0",NA,NA,NA,NA,8,31,"운영비"
2026-08-31,"공공요금(보조금)","영업배상책임보험",NA,"114200.0",NA,NA,NA,NA,8,31,"운영비"
2026-09-01,"식사배달(배달보조)","김스틱, 젤리뽀, 사탕, 호박죽",NA,NA,NA,673780,NA,NA,9,1,"주부식비"
2026-09-01,"식사배달(배달보조)","짜글이,소고기죽, 황도,꽁치",NA,NA,NA,554100,NA,NA,9,1,"주부식비"
2026-09-03,"차량비(배달보조)","주유",NA,NA,NA,30000,NA,NA,9,3,"운영비"
2026-09-04,"부식비(보조금)","우렁, 명란젓, 낙지젓, 파래무침",NA,"1526000.0",NA,NA,NA,NA,9,4,"주부식비"
2026-09-04,"식사배달(배달보조)","순대국",NA,NA,NA,377000,NA,NA,9,4,"주부식비"
2026-09-04,"식사배달(배달보조)","통단팥죽,김부각,추어탕,청국장",NA,NA,NA,905590,NA,NA,9,4,"주부식비"
2026-09-05,"부식비(보조금)","숙주,무,감자,피망,고사리,콩나물,대파,양파,두부,전분",NA,"491800.0",NA,NA,NA,NA,9,5,"주부식비"
2026-09-05,"후원금","김승수",NA,NA,NA,NA,83730,NA,9,5,"기타"
2026-09-06,"후원금","이혜기",NA,NA,NA,NA,2e+05,NA,9,6,"기타"
2026-09-06,"후원금","이경호",NA,NA,NA,NA,10000,NA,9,6,"기타"
2026-09-06,"후원금","계림동성당",NA,NA,NA,NA,146500,NA,9,6,"기타"
2026-09-07,"후원금","신영식",NA,NA,NA,NA,50000,NA,9,7,"기타"
2026-09-07,"후원금","백산유통",NA,NA,NA,NA,3e+05,NA,9,7,"기타"
2026-09-07,"부식비(보조금)","돈가스",NA,"500000.0",NA,NA,NA,NA,9,7,"주부식비"
2026-09-09,"기타경비(보조금)","고무장갑",NA,"27700.0",NA,NA,NA,NA,9,9,"운영비"
2026-09-09,"부식비(보조금)","죽,고등어캔,설탕,된장",NA,"361500.0",NA,NA,NA,NA,9,9,"주부식비"
2026-09-10,"식사배달(배달보조)","조개국",NA,NA,NA,201000,NA,NA,9,10,"주부식비"
2026-09-10,"사회보험부담금(법인)","사회보험",NA,NA,NA,NA,NA,230880,9,10,"기타"
2026-09-10,"후원금","권앤오연합내과",NA,NA,NA,NA,150000,NA,9,10,"기타"
2026-09-10,"후원금","TOP골프랜드",NA,NA,NA,NA,1e+05,NA,9,10,"기타"
2026-09-11,"후원금","박명호",NA,NA,NA,NA,10000,NA,9,11,"기타"
2026-09-11,"식사배달(배달보조)","된장찌개,참치캔,전복죽,강된장",NA,NA,NA,888250,NA,NA,9,11,"주부식비"
2026-09-11,"부식비(보조금)","짜장,시래기국,호박죽,칵테일,견과",NA,"1161550.0",NA,NA,NA,NA,9,11,"주부식비"
2026-09-11,"부식비(보조금)","다시멸치",NA,"498500.0",NA,NA,NA,NA,9,11,"주부식비"
2026-09-12,"부식비(보조금)","메기매운탕",NA,"1677000.0",NA,NA,NA,NA,9,12,"주부식비"
2026-09-12,"차량비(배달보조)","주유",NA,NA,NA,40000,NA,NA,9,12,"운영비"
2026-09-14,"부식비(보조금)","콩나물,두부,상추,꼬시래기,우엉,대파,양파,고춧가루,찐마늘",NA,"646000.0",NA,NA,NA,NA,9,14,"주부식비"
2026-09-14,"식사배달(배달보조)","진미무침",NA,NA,NA,247500,NA,NA,9,14,"주부식비"
2026-09-14,"후원금","계림동성당",NA,NA,NA,NA,88500,NA,9,14,"기타"
2026-09-14,"후원금","삼표에너지",NA,NA,NA,NA,1e+06,NA,9,14,"기타"
2026-09-15,"후원금","상일금방",NA,NA,NA,NA,50000,NA,9,15,"기타"
2026-09-15,"후원금","서보냇가",NA,NA,NA,NA,1e+05,NA,9,15,"기타"
2026-09-15,"후원금","영진한의원",NA,NA,NA,NA,1e+05,NA,9,15,"기타"
2026-09-15,"식사배달(배달보조)","소고기무국,참치캔,장조림,육개장,마늘쫑",NA,NA,NA,924520,NA,NA,9,15,"주부식비"
2026-09-15,"부식비(보조금)","계란,당면,압맥,진간장",NA,"556000.0",NA,NA,NA,NA,9,15,"주부식비"
2026-09-16,"후원금","은혜약국",NA,NA,NA,NA,1e+05,NA,9,16,"기타"
2026-09-17,"부식비(보조금)","새우",NA,"472500.0",NA,NA,NA,NA,9,17,"주부식비"
2026-09-17,"부식비(보조금)","포도, 사과즙",NA,"1560000.0",NA,NA,NA,NA,9,17,"주부식비"
2026-09-18,"부식비(보조금)","만두, 곰탕",NA,"258820.0",NA,NA,NA,NA,9,18,"주부식비"
2026-09-18,"식사배달(배달보조)","된장국, 햄, 닭죽",NA,NA,NA,843900,NA,NA,9,18,"주부식비"
2026-09-18,"식사배달(배달보조)","튀각",NA,NA,NA,97200,NA,NA,9,18,"주부식비"
2026-09-18,"후원금","여수승",NA,NA,NA,NA,30000,NA,9,18,"기타"
2026-09-18,"후원금","중앙양봉원",NA,NA,NA,NA,50000,NA,9,18,"기타"
2026-09-18,"후원금","김원길",NA,NA,NA,NA,20000,NA,9,18,"기타"
2026-09-19,"부식비(보조금)","오징어, 바지락",NA,"479000.0",NA,NA,NA,NA,9,19,"주부식비"
2026-09-19,"식사배달(배달보조)","육개장, 연근조림",NA,NA,NA,422400,NA,NA,9,19,"주부식비"
2026-09-19,"부식비(보조금)","닭, 고춧가루",NA,"620000.0",NA,NA,NA,NA,9,19,"주부식비"
2026-09-19,"공공요금(배달보조)","수도세",NA,NA,NA,135650,NA,NA,9,19,"운영비"
2026-09-19,"차량비(배달보조)","주유",NA,NA,NA,38120,NA,NA,9,19,"운영비"
2026-09-20,"대외홍보및행사(법인)","후원자 선물",NA,NA,NA,NA,NA,140000,9,20,"기타"
2026-09-20,"후원금","계림동성당",NA,NA,NA,NA,60000,NA,9,20,"기타"
2026-09-21,"후원금","황현영",NA,NA,NA,NA,20000,NA,9,21,"기타"
2026-09-21,"후원금","신진가스",NA,NA,NA,NA,1e+05,NA,9,21,"기타"
2026-09-21,"후원금","진흥기계",NA,NA,NA,NA,2e+05,NA,9,21,"기타"
2026-09-21,"후원금","전정임",NA,NA,NA,NA,20000,NA,9,21,"기타"
2026-09-21,"부식비(보조금)","고구마줄기,순두부,피망,비름,고추잎,대파,양파,당근,콩조림,양배추",NA,"547200.0",NA,NA,NA,NA,9,21,"주부식비"
2026-09-21,"공공요금(보조금)","전화요금",NA,"39920.0",NA,NA,NA,NA,9,21,"운영비"
2026-09-21,"식사배달(배달보조)","불고기,콩조림",NA,NA,NA,352500,NA,NA,9,21,"주부식비"
2026-09-22,"대외홍보및행사(법인)","후원자 선물",NA,NA,NA,NA,NA,330000,9,22,"기타"
2026-09-22,"후원금","이홍규",NA,NA,NA,NA,1e+05,NA,9,22,"기타"
2026-09-23,"후원금","정동희",NA,NA,NA,NA,50000,NA,9,23,"기타"
2026-09-23,"후원금","김원길",NA,NA,NA,NA,20000,NA,9,23,"기타"
2026-09-23,"부식비(보조금)","자판기 커피",NA,"176000.0",NA,NA,NA,NA,9,23,"주부식비"
2026-09-23,"부식비(보조금)","순대국",NA,"975000.0",NA,NA,NA,NA,9,23,"주부식비"
2026-09-24,"급료(법인)","임화순급료",NA,NA,NA,NA,NA,1435250,9,24,"기타"
2026-09-24,"급료(법인)","임화순급료",NA,NA,NA,NA,NA,50000,9,24,"기타"
2026-09-24,"급료(법인)","이남경급료",NA,NA,NA,NA,NA,873840,9,24,"기타"
2026-09-24,"제수당(법인)","임화순추석상여금",NA,NA,NA,NA,NA,4e+05,9,24,"기타"
2026-09-24,"제수당(법인)","이남경추석상여금",NA,NA,NA,NA,NA,4e+05,9,24,"기타"
2026-09-24,"차량비(배달보조)","주유",NA,NA,NA,40000,NA,NA,9,24,"운영비"
2026-09-27,"후원금","계림동성당",NA,NA,NA,NA,122000,NA,9,27,"기타"
2026-09-28,"후원금","박다정",NA,NA,NA,NA,10000,NA,9,28,"기타"
2026-09-28,"후원금","김익상",NA,NA,NA,NA,20000,NA,9,28,"기타"
2026-09-28,"후원금","김도윤",NA,NA,NA,NA,10000,NA,9,28,"기타"
2026-09-28,"후원금","석한의원",NA,NA,NA,NA,50000,NA,9,28,"기타"
2026-09-28,"후원금","삼백온실",NA,NA,NA,NA,1e+05,NA,9,28,"기타"
2026-09-28,"후원금","고광희",NA,NA,NA,NA,20000,NA,9,28,"기타"
2026-09-28,"공공요금(보조금)","전기요금",NA,"831340.0",NA,NA,NA,NA,9,28,"운영비"
2026-09-29,"식사배달(배달보조)","야구르트",NA,NA,NA,195500,NA,NA,9,29,"주부식비"
2026-09-29,"부식비(보조금)","야구르트",NA,"558500.0",NA,NA,NA,NA,9,29,"주부식비"
2026-09-29,"연료비(보조금)","가스비",NA,"381600.0",NA,NA,NA,NA,9,29,"운영비"
2026-09-29,"연료비(배달보조)","가스비",NA,NA,NA,194400,NA,NA,9,29,"운영비"
2026-09-30,"부식비(보조금)","돈갈비,소고기",NA,"1229000.0",NA,NA,NA,NA,9,30,"주부식비"
2026-09-30,"식사배달(배달보조)","돈전지, 소고기",NA,".",NA,809000,NA,NA,9,30,"주부식비"
2026-09-30,"후원금","강산한의원",NA,NA,NA,NA,1e+05,NA,9,30,"기타"
2026-09-30,"후원금","김금자",NA,NA,NA,NA,1e+05,NA,9,30,"기타"
